{"Margin":{"0":0.0,"1":0.0,"2":0.0,"3":-0.6039119804,"4":0.0,"5":0.0,"6":0.0,"7":0.0,"8":0.0,"9":0.0,"10":0.0,"11":0.0,"12":0.0,"13":0.0553341508,"14":0.0,"15":0.0,"16":0.0,"17":-0.3550420168,"18":0.0,"19":0.0,"20":-0.3313829787,"21":0.0},"Total":{"0":0,"1":0,"2":0,"3":409,"4":0,"5":0,"6":0,"7":0,"8":0,"9":0,"10":0,"11":0,"12":0,"13":6524,"14":0,"15":0,"16":0,"17":1428,"18":0,"19":0,"20":1880,"21":0},"County Code":{"0":0,"1":7,"2":8,"3":17,"4":20,"5":22,"6":23,"7":24,"8":28,"9":32,"10":40,"11":46,"12":50,"13":52,"14":53,"15":55,"16":66,"17":67,"18":74,"19":81,"20":83,"21":85},"McClellan - GLC":{"0":0,"1":0,"2":0,"3":5,"4":0,"5":0,"6":0,"7":0,"8":0,"9":0,"10":0,"11":0,"12":0,"13":60,"14":0,"15":0,"16":0,"17":9,"18":0,"19":0,"20":11,"21":0},"Reisdorf - LMN":{"0":0,"1":0,"2":0,"3":1,"4":0,"5":0,"6":0,"7":0,"8":0,"9":0,"10":0,"11":0,"12":0,"13":99,"14":0,"15":0,"16":0,"17":7,"18":0,"19":0,"20":19,"21":0},"Finstad - R":{"0":0,"1":0,"2":0,"3":322,"4":0,"5":0,"6":0,"7":0,"8":0,"9":0,"10":0,"11":0,"12":0,"13":2995,"14":0,"15":0,"16":0,"17":959,"18":0,"19":0,"20":1225,"21":0},"Ettinger - DFL":{"0":0,"1":0,"2":0,"3":75,"4":0,"5":0,"6":0,"7":0,"8":0,"9":0,"10":0,"11":0,"12":0,"13":3356,"14":0,"15":0,"16":0,"17":452,"18":0,"19":0,"20":602,"21":0},"Write In":{"0":0,"1":0,"2":0,"3":6,"4":0,"5":0,"6":0,"7":0,"8":0,"9":0,"10":0,"11":0,"12":0,"13":14,"14":0,"15":0,"16":0,"17":1,"18":0,"19":0,"20":23,"21":0}}