{"Margin":{"0":0.1201500642,"1":0.0,"2":-0.6039119804,"3":-0.2712022367,"4":-0.329753915,"5":-0.1220565997,"6":-0.1718844985,"7":0.0,"8":-0.4035957843,"9":-0.2391571195,"10":-0.4005143041,"11":0.133353222,"12":0.0553341508,"13":-0.4204660588,"14":0.1711668705,"15":-0.2219928692,"16":-0.3550420168,"17":-0.1561127379,"18":-0.2739145782,"19":-0.3313829787,"20":0.0931195725},"Total":{"0":10129,"1":0,"2":409,"3":3219,"4":2235,"5":4629,"6":6580,"7":0,"8":1613,"9":4888,"10":3111,"11":6704,"12":6524,"13":1974,"14":33517,"15":5329,"16":1428,"17":5464,"18":2833,"19":1880,"20":7485},"County Code":{"0":7,"1":8,"2":17,"3":20,"4":22,"5":23,"6":24,"7":28,"8":32,"9":40,"10":46,"11":50,"12":52,"13":53,"14":55,"15":66,"16":67,"17":74,"18":81,"19":83,"20":85},"McClellan - GLC":{"0":85,"1":0,"2":5,"3":22,"4":13,"5":37,"6":66,"7":0,"8":6,"9":57,"10":25,"11":51,"12":60,"13":17,"14":203,"15":65,"16":9,"17":33,"18":15,"19":11,"20":45},"Reisdorf - LMN":{"0":167,"1":0,"2":1,"3":27,"4":19,"5":41,"6":123,"7":0,"8":21,"9":112,"10":30,"11":63,"12":99,"13":25,"14":389,"15":112,"16":7,"17":60,"18":35,"19":19,"20":109},"Finstad - R":{"0":4284,"1":0,"2":322,"3":2011,"4":1455,"5":2537,"6":3746,"7":0,"8":1117,"9":2929,"10":2143,"11":2837,"12":2995,"13":1377,"14":13550,"15":3150,"16":959,"17":3104,"18":1771,"19":1225,"20":3308},"Ettinger - DFL":{"0":5501,"1":0,"2":75,"3":1138,"4":718,"5":1972,"6":2615,"7":0,"8":466,"9":1760,"10":897,"11":3731,"12":3356,"13":547,"14":19287,"15":1967,"16":452,"17":2251,"18":995,"19":602,"20":4005},"Write In":{"0":92,"1":0,"2":6,"3":21,"4":30,"5":42,"6":30,"7":0,"8":3,"9":30,"10":16,"11":22,"12":14,"13":8,"14":88,"15":35,"16":1,"17":16,"18":17,"19":23,"20":18}}