{"Margin":{"0":-0.2655367232,"1":-0.3333333333,"2":-0.3333333333,"3":-0.3333333333,"4":-0.3333333333,"5":-0.3333333333,"6":-0.3333333333,"7":-0.3333333333,"8":-0.3333333333,"9":-0.3333333333,"10":-0.3333333333,"11":-0.3333333333,"12":-0.3333333333,"13":-0.3333333333,"14":-0.2971698113,"15":-0.3333333333,"16":-0.3333333333,"17":-0.3333333333,"18":-0.3333333333,"19":-0.3333333333,"20":-0.3333333333},"Total":{"0":885,"1":495,"2":150,"3":330,"4":495,"5":555,"6":645,"7":405,"8":420,"9":390,"10":555,"11":585,"12":390,"13":600,"14":1696,"15":240,"16":360,"17":390,"18":345,"19":315,"20":735},"County Code":{"0":7,"1":8,"2":17,"3":20,"4":22,"5":23,"6":24,"7":28,"8":32,"9":40,"10":46,"11":50,"12":52,"13":53,"14":55,"15":66,"16":67,"17":74,"18":81,"19":83,"20":85},"McClellan - GLC":{"0":0,"1":0,"2":0,"3":0,"4":0,"5":0,"6":0,"7":0,"8":0,"9":0,"10":0,"11":0,"12":0,"13":0,"14":0,"15":0,"16":0,"17":0,"18":0,"19":0,"20":0},"Reisdorf - LMN":{"0":0,"1":0,"2":0,"3":0,"4":0,"5":0,"6":0,"7":0,"8":0,"9":0,"10":0,"11":0,"12":0,"13":0,"14":0,"15":0,"16":0,"17":0,"18":0,"19":0,"20":0},"Finstad - R":{"0":560,"1":330,"2":100,"3":220,"4":330,"5":370,"6":430,"7":270,"8":280,"9":260,"10":370,"11":390,"12":260,"13":400,"14":1100,"15":160,"16":240,"17":260,"18":230,"19":210,"20":490},"Ettinger - DFL":{"0":325,"1":165,"2":50,"3":110,"4":165,"5":185,"6":215,"7":135,"8":140,"9":130,"10":185,"11":195,"12":130,"13":200,"14":596,"15":80,"16":120,"17":130,"18":115,"19":105,"20":245},"Write In":{"0":0,"1":0,"2":0,"3":0,"4":0,"5":0,"6":0,"7":0,"8":0,"9":0,"10":0,"11":0,"12":0,"13":0,"14":0,"15":0,"16":0,"17":0,"18":0,"19":0,"20":0}}