{"Margin":{"0":0.0,"1":0.0,"2":-0.6039119804,"3":0.0,"4":0.0,"5":0.0,"6":0.0,"7":0.0,"8":0.0,"9":0.0,"10":0.0,"11":0.0,"12":0.0553341508,"13":0.0,"14":0.0,"15":0.0,"16":-0.3550420168,"17":0.0,"18":0.0,"19":-0.3313829787,"20":0.0},"Total":{"0":0,"1":0,"2":409,"3":0,"4":0,"5":0,"6":0,"7":0,"8":0,"9":0,"10":0,"11":0,"12":6524,"13":0,"14":0,"15":0,"16":1428,"17":0,"18":0,"19":1880,"20":0},"County Code":{"0":7,"1":8,"2":17,"3":20,"4":22,"5":23,"6":24,"7":28,"8":32,"9":40,"10":46,"11":50,"12":52,"13":53,"14":55,"15":66,"16":67,"17":74,"18":81,"19":83,"20":85},"McClellan - GLC":{"0":0,"1":0,"2":5,"3":0,"4":0,"5":0,"6":0,"7":0,"8":0,"9":0,"10":0,"11":0,"12":60,"13":0,"14":0,"15":0,"16":9,"17":0,"18":0,"19":11,"20":0},"Reisdorf - LMN":{"0":0,"1":0,"2":1,"3":0,"4":0,"5":0,"6":0,"7":0,"8":0,"9":0,"10":0,"11":0,"12":99,"13":0,"14":0,"15":0,"16":7,"17":0,"18":0,"19":19,"20":0},"Finstad - R":{"0":0,"1":0,"2":322,"3":0,"4":0,"5":0,"6":0,"7":0,"8":0,"9":0,"10":0,"11":0,"12":2995,"13":0,"14":0,"15":0,"16":959,"17":0,"18":0,"19":1225,"20":0},"Ettinger - DFL":{"0":0,"1":0,"2":75,"3":0,"4":0,"5":0,"6":0,"7":0,"8":0,"9":0,"10":0,"11":0,"12":3356,"13":0,"14":0,"15":0,"16":452,"17":0,"18":0,"19":602,"20":0},"Write In":{"0":0,"1":0,"2":6,"3":0,"4":0,"5":0,"6":0,"7":0,"8":0,"9":0,"10":0,"11":0,"12":14,"13":0,"14":0,"15":0,"16":1,"17":0,"18":0,"19":23,"20":0}}