{"Margin":{"0":0.0,"1":0.0,"2":-0.6039119804,"3":-0.2712022367,"4":-0.329753915,"5":0.0,"6":0.0,"7":0.0,"8":0.0,"9":-0.2391571195,"10":0.0,"11":0.0,"12":0.0553341508,"13":-0.4204660588,"14":0.0,"15":0.0,"16":-0.3550420168,"17":0.0,"18":0.0,"19":-0.3313829787,"20":0.0},"Total":{"0":0,"1":0,"2":409,"3":3219,"4":2235,"5":0,"6":0,"7":0,"8":0,"9":4888,"10":0,"11":0,"12":6524,"13":1974,"14":0,"15":0,"16":1428,"17":0,"18":0,"19":1880,"20":0},"County Code":{"0":7,"1":8,"2":17,"3":20,"4":22,"5":23,"6":24,"7":28,"8":32,"9":40,"10":46,"11":50,"12":52,"13":53,"14":55,"15":66,"16":67,"17":74,"18":81,"19":83,"20":85},"McClellan - GLC":{"0":0,"1":0,"2":5,"3":22,"4":13,"5":0,"6":0,"7":0,"8":0,"9":57,"10":0,"11":0,"12":60,"13":17,"14":0,"15":0,"16":9,"17":0,"18":0,"19":11,"20":0},"Reisdorf - LMN":{"0":0,"1":0,"2":1,"3":27,"4":19,"5":0,"6":0,"7":0,"8":0,"9":112,"10":0,"11":0,"12":99,"13":25,"14":0,"15":0,"16":7,"17":0,"18":0,"19":19,"20":0},"Finstad - R":{"0":0,"1":0,"2":322,"3":2011,"4":1455,"5":0,"6":0,"7":0,"8":0,"9":2929,"10":0,"11":0,"12":2995,"13":1377,"14":0,"15":0,"16":959,"17":0,"18":0,"19":1225,"20":0},"Ettinger - DFL":{"0":0,"1":0,"2":75,"3":1138,"4":718,"5":0,"6":0,"7":0,"8":0,"9":1760,"10":0,"11":0,"12":3356,"13":547,"14":0,"15":0,"16":452,"17":0,"18":0,"19":602,"20":0},"Write In":{"0":0,"1":0,"2":6,"3":21,"4":30,"5":0,"6":0,"7":0,"8":0,"9":30,"10":0,"11":0,"12":14,"13":8,"14":0,"15":0,"16":1,"17":0,"18":0,"19":23,"20":0}}